{
    "presets": [
        {
            "name": "Custom",
            "group": "",
            "width": 342.0,
            "height": 155.0,
            "units": "pixelsUnit",
            "profile": "sRGB IEC61966-2.1",
            "resolution": 72.0,
            "resolutionUnits": "inchesUnit",
            "depth": 8,
            "scale": 1.0,
            "mode": "RGB",
            "fill": "transparent",
            "guides": [],
            "artboards": [],
            "lastUsedTime": 1561169974771
        },
        {
            "name": "Custom",
            "group": "",
            "width": 3200.0,
            "height": 3200.0,
            "units": "pixelsUnit",
            "profile": "none",
            "resolution": 72.0,
            "resolutionUnits": "inchesUnit",
            "depth": 8,
            "scale": 1.0,
            "mode": "RGB",
            "fill": "transparent",
            "guides": [],
            "artboards": [],
            "lastUsedTime": 1560981074786
        },
        {
            "name": "Custom",
            "group": "",
            "width": 1009.0,
            "height": 1684.0,
            "units": "pixelsUnit",
            "profile": "Display",
            "resolution": 144.0,
            "resolutionUnits": "inchesUnit",
            "depth": 8,
            "scale": 1.0,
            "mode": "RGB",
            "fill": "transparent",
            "guides": [],
            "artboards": [],
            "lastUsedTime": 1558312136969
        },
        {
            "name": "Custom",
            "group": "",
            "width": 29.0,
            "height": 24.0,
            "units": "pixelsUnit",
            "profile": "f.lux profile",
            "resolution": 72.0,
            "resolutionUnits": "inchesUnit",
            "depth": 8,
            "scale": 1.0,
            "mode": "RGB",
            "fill": "transparent",
            "guides": [],
            "artboards": [],
            "lastUsedTime": 1553210277915
        },
        {
            "name": "Custom",
            "group": "",
            "width": 218.0,
            "height": 285.0,
            "units": "pixelsUnit",
            "profile": "none",
            "resolution": 72.0,
            "resolutionUnits": "inchesUnit",
            "depth": 8,
            "scale": 1.0,
            "mode": "RGB",
            "fill": "transparent",
            "guides": [],
            "artboards": [],
            "lastUsedTime": 1552107327464
        },
        {
            "name": "Custom",
            "group": "",
            "width": 1910.0,
            "height": 1000.0,
            "units": "pixelsUnit",
            "profile": "f.lux profile",
            "resolution": 72.0,
            "resolutionUnits": "inchesUnit",
            "depth": 8,
            "scale": 1.0,
            "mode": "RGB",
            "fill": "transparent",
            "guides": [],
            "artboards": [],
            "lastUsedTime": 1552083351535
        },
        {
            "name": "Custom",
            "group": "",
            "width": 228.0,
            "height": 234.0,
            "units": "pixelsUnit",
            "profile": "none",
            "resolution": 72.0,
            "resolutionUnits": "inchesUnit",
            "depth": 8,
            "scale": 1.0,
            "mode": "RGB",
            "fill": "transparent",
            "guides": [],
            "artboards": [],
            "lastUsedTime": 1549564361030
        },
        {
            "name": "Custom",
            "group": "",
            "width": 449.0,
            "height": 449.0,
            "units": "pixelsUnit",
            "profile": "none",
            "resolution": 72.0,
            "resolutionUnits": "inchesUnit",
            "depth": 8,
            "scale": 1.0,
            "mode": "RGB",
            "fill": "transparent",
            "guides": [],
            "artboards": [],
            "lastUsedTime": 1544050696142
        },
        {
            "name": "Custom",
            "group": "",
            "width": 379.0,
            "height": 379.0,
            "units": "pixelsUnit",
            "profile": "none",
            "resolution": 72.0,
            "resolutionUnits": "inchesUnit",
            "depth": 8,
            "scale": 1.0,
            "mode": "RGB",
            "fill": "transparent",
            "guides": [],
            "artboards": [],
            "lastUsedTime": 1544050599956
        },
        {
            "name": "Custom",
            "group": "",
            "width": 749.0,
            "height": 749.0,
            "units": "pixelsUnit",
            "profile": "none",
            "resolution": 72.0,
            "resolutionUnits": "inchesUnit",
            "depth": 8,
            "scale": 1.0,
            "mode": "RGB",
            "fill": "transparent",
            "guides": [],
            "artboards": [],
            "lastUsedTime": 1544050425090
        },
        {
            "name": "Custom",
            "group": "",
            "width": 838.0,
            "height": 838.0,
            "units": "pixelsUnit",
            "profile": "none",
            "resolution": 72.0,
            "resolutionUnits": "inchesUnit",
            "depth": 8,
            "scale": 1.0,
            "mode": "RGB",
            "fill": "transparent",
            "guides": [],
            "artboards": [],
            "lastUsedTime": 1544050365525
        },
        {
            "name": "Custom",
            "group": "",
            "width": 839.0,
            "height": 839.0,
            "units": "pixelsUnit",
            "profile": "none",
            "resolution": 72.0,
            "resolutionUnits": "inchesUnit",
            "depth": 8,
            "scale": 1.0,
            "mode": "RGB",
            "fill": "transparent",
            "guides": [],
            "artboards": [],
            "lastUsedTime": 1544050081872
        },
        {
            "name": "Custom",
            "group": "",
            "width": 279.0,
            "height": 672.0,
            "units": "pixelsUnit",
            "profile": "sRGB IEC61966-2.1",
            "resolution": 72.0,
            "resolutionUnits": "inchesUnit",
            "depth": 8,
            "scale": 1.0,
            "mode": "RGB",
            "fill": "transparent",
            "guides": [],
            "artboards": [],
            "lastUsedTime": 1522388686470
        },
        {
            "name": "Custom",
            "group": "",
            "width": 2048.0,
            "height": 1004.0,
            "units": "pixelsUnit",
            "profile": "Display",
            "resolution": 72.0,
            "resolutionUnits": "inchesUnit",
            "depth": 8,
            "scale": 1.0,
            "mode": "RGB",
            "fill": "transparent",
            "guides": [],
            "artboards": [],
            "lastUsedTime": 1520467548622
        },
        {
            "name": "Custom",
            "group": "",
            "width": 1372.0,
            "height": 1003.0,
            "units": "pixelsUnit",
            "profile": "sRGB IEC61966-2.1",
            "resolution": 72.0,
            "resolutionUnits": "inchesUnit",
            "depth": 8,
            "scale": 1.0,
            "mode": "RGB",
            "fill": "transparent",
            "guides": [],
            "artboards": [],
            "lastUsedTime": 1514505033773
        },
        {
            "name": "Custom",
            "group": "",
            "width": 5000.0,
            "height": 5000.0,
            "units": "pixelsUnit",
            "profile": "none",
            "resolution": 72.0,
            "resolutionUnits": "inchesUnit",
            "depth": 8,
            "scale": 1.0,
            "mode": "RGB",
            "fill": "transparent",
            "guides": [],
            "artboards": [],
            "lastUsedTime": 1513556261728
        },
        {
            "name": "Custom",
            "group": "",
            "width": 1200.0,
            "height": 200.0,
            "units": "pixelsUnit",
            "profile": "none",
            "resolution": 72.0,
            "resolutionUnits": "inchesUnit",
            "depth": 8,
            "scale": 1.0,
            "mode": "RGB",
            "fill": "transparent",
            "guides": [],
            "artboards": [],
            "lastUsedTime": 1508897162220
        },
        {
            "name": "Custom",
            "group": "",
            "width": 500.0,
            "height": 500.0,
            "units": "pixelsUnit",
            "profile": "none",
            "resolution": 72.0,
            "resolutionUnits": "inchesUnit",
            "depth": 8,
            "scale": 1.0,
            "mode": "RGB",
            "fill": "transparent",
            "guides": [],
            "artboards": [],
            "lastUsedTime": 1507818701544
        },
        {
            "name": "Custom",
            "group": "",
            "width": 555.0,
            "height": 549.0,
            "units": "pixelsUnit",
            "profile": "none",
            "resolution": 72.0,
            "resolutionUnits": "inchesUnit",
            "depth": 8,
            "scale": 1.0,
            "mode": "RGB",
            "fill": "transparent",
            "guides": [],
            "artboards": [],
            "lastUsedTime": 1507346261432
        },
        {
            "name": "Custom",
            "group": "",
            "width": 3004.0,
            "height": 1640.0,
            "units": "pixelsUnit",
            "profile": "sRGB IEC61966-2.1",
            "resolution": 72.0,
            "resolutionUnits": "inchesUnit",
            "depth": 8,
            "scale": 1.0,
            "mode": "RGB",
            "fill": "transparent",
            "guides": [],
            "artboards": [],
            "lastUsedTime": 1505506155371
        }
    ]
}