{
    "presets": [
        {
            "name": "Custom",
            "group": "",
            "width": 180.0,
            "height": 60.0,
            "units": "pixelsUnit",
            "profile": "sRGB IEC61966-2.1",
            "resolution": 72.0,
            "resolutionUnits": "inchesUnit",
            "depth": 8,
            "scale": 1.0,
            "mode": "RGB",
            "fill": "transparent",
            "guides": [],
            "artboards": [],
            "lastUsedTime": 1524124929918
        },
        {
            "name": "Custom",
            "group": "",
            "width": 52.0,
            "height": 69.0,
            "units": "pixelsUnit",
            "profile": "sRGB IEC61966-2.1",
            "resolution": 72.0,
            "resolutionUnits": "inchesUnit",
            "depth": 8,
            "scale": 1.0,
            "mode": "RGB",
            "fill": "transparent",
            "guides": [],
            "artboards": [],
            "lastUsedTime": 1524049234550
        },
        {
            "name": "Custom",
            "group": "",
            "width": 52.0,
            "height": 69.0,
            "units": "pixelsUnit",
            "profile": "sRGB IEC61966-2.1",
            "resolution": 72.0,
            "resolutionUnits": "inchesUnit",
            "depth": 8,
            "scale": 1.0,
            "mode": "RGB",
            "fill": "white",
            "guides": [],
            "artboards": [],
            "lastUsedTime": 1524049216381
        },
        {
            "name": "Default Photoshop Size",
            "group": "default",
            "width": 7.0,
            "height": 5.0,
            "units": "inchesUnit",
            "profile": "default",
            "resolution": 300.0,
            "resolutionUnits": "inchesUnit",
            "depth": 8,
            "scale": 1.0,
            "mode": "RGB",
            "fill": "white",
            "guides": [],
            "artboards": [],
            "lastUsedTime": 1481492864951
        }
    ]
}